photo,weed_id,species,species_confidence,stage,bbox_x,bbox_y,bbox_w,bbox_h
DJI_20260609122641_0177_D.JPG,1,Пырей ползучий,0.777,цветение,2266,3021,42,51
DJI_20260609122641_0177_D.JPG,2,Пырей ползучий,0.753,цветение,2085,3012,39,60
DJI_20260609122641_0177_D.JPG,3,Пырей ползучий,0.86,цветение,1595,3007,55,65
DJI_20260609122641_0177_D.JPG,4,Пырей ползучий,0.696,цветение,1871,2930,62,38
DJI_20260609122641_0177_D.JPG,5,Пырей ползучий,0.825,цветение,892,2875,52,97
DJI_20260609122641_0177_D.JPG,6,Пырей ползучий,0.731,цветение,2565,2873,50,150
DJI_20260609122641_0177_D.JPG,7,Пырей ползучий,0.9,цветение,517,2853,175,219
DJI_20260609122641_0177_D.JPG,8,Пырей ползучий,0.733,цветение,2920,2835,39,63
DJI_20260609122641_0177_D.JPG,9,Пырей ползучий,0.918,цветение,889,2821,187,251
DJI_20260609122641_0177_D.JPG,10,Пырей ползучий,0.906,цветение,2037,2819,115,227
DJI_20260609122641_0177_D.JPG,11,Бодяк полевой,0.84,всходы,1885,2813,67,46
DJI_20260609122641_0177_D.JPG,12,Пырей ползучий,0.826,цветение,1772,2808,101,179
DJI_20260609122641_0177_D.JPG,13,Пырей ползучий,0.863,цветение,1415,2803,45,150
DJI_20260609122641_0177_D.JPG,14,Пырей ползучий,0.798,всходы,1064,2801,54,74
DJI_20260609122641_0177_D.JPG,15,Пырей ползучий,0.919,цветение,0,2801,176,271
DJI_20260609122641_0177_D.JPG,16,Пырей ползучий,0.894,цветение,2239,2789,112,163
DJI_20260609122641_0177_D.JPG,17,Пырей ползучий,0.926,цветение,1159,2784,220,288
DJI_20260609122641_0177_D.JPG,18,Бодяк полевой,0.66,цветение,135,2762,63,40
DJI_20260609122641_0177_D.JPG,19,Пырей ползучий,0.866,цветение,2631,2761,76,96
DJI_20260609122641_0177_D.JPG,20,Пырей ползучий,0.782,цветение,1170,2753,35,70
DJI_20260609122641_0177_D.JPG,21,Пырей ползучий,0.778,всходы,2885,2743,38,68
DJI_20260609122641_0177_D.JPG,22,Пырей ползучий,0.933,цветение,167,2738,354,316
DJI_20260609122641_0177_D.JPG,23,Пырей ползучий,0.881,цветение,2147,2716,117,157
DJI_20260609122641_0177_D.JPG,24,Пырей ползучий,0.905,цветение,1849,2695,175,198
DJI_20260609122641_0177_D.JPG,25,Пырей ползучий,0.819,цветение,763,2670,75,46
DJI_20260609122641_0177_D.JPG,26,Пырей ползучий,0.657,цветение,3302,2663,43,46
DJI_20260609122641_0177_D.JPG,27,Пырей ползучий,0.747,цветение,3093,2646,47,56
DJI_20260609122641_0177_D.JPG,28,Пырей ползучий,0.848,цветение,2487,2640,57,70
DJI_20260609122641_0177_D.JPG,29,Пырей ползучий,0.806,цветение,418,2632,37,88
DJI_20260609122641_0177_D.JPG,30,Пырей ползучий,0.922,цветение,810,2560,204,349
DJI_20260609122641_0177_D.JPG,31,Пырей ползучий,0.692,цветение,3340,2555,55,133
DJI_20260609122641_0177_D.JPG,32,Пырей ползучий,0.859,цветение,1470,2549,129,282
DJI_20260609122641_0177_D.JPG,33,Пырей ползучий,0.893,цветение,459,2546,161,299
DJI_20260609122641_0177_D.JPG,34,Пырей ползучий,0.796,цветение,3377,2463,55,82
DJI_20260609122641_0177_D.JPG,35,Пырей ползучий,0.878,цветение,877,2449,85,85
DJI_20260609122641_0177_D.JPG,36,Пырей ползучий,0.839,цветение,1575,2436,110,85
DJI_20260609122641_0177_D.JPG,37,Пырей ползучий,0.931,цветение,0,2418,324,407
DJI_20260609122641_0177_D.JPG,38,Пырей ползучий,0.818,цветение,1692,2395,59,86
DJI_20260609122641_0177_D.JPG,39,Пырей ползучий,0.927,цветение,1212,2329,290,422
DJI_20260609122641_0177_D.JPG,40,Пырей ползучий,0.881,цветение,0,2247,104,141
DJI_20260609122641_0177_D.JPG,41,Пырей ползучий,0.898,цветение,1481,2195,218,191
DJI_20260609122641_0177_D.JPG,42,Пырей ползучий,0.86,цветение,1196,2193,110,207
DJI_20260609122641_0177_D.JPG,43,Пырей ползучий,0.855,цветение,201,2181,103,134
DJI_20260609122641_0177_D.JPG,44,Пырей ползучий,0.743,цветение,1818,2176,45,56
DJI_20260609122641_0177_D.JPG,45,Пырей ползучий,0.879,цветение,1252,2142,73,89
DJI_20260609122641_0177_D.JPG,46,Пырей ползучий,0.9,цветение,1608,2114,85,107
DJI_20260609122641_0177_D.JPG,47,Пырей ползучий,0.942,цветение,2732,2108,358,722
DJI_20260609122641_0177_D.JPG,48,Пырей ползучий,0.917,цветение,84,2075,227,154
DJI_20260609122641_0177_D.JPG,49,Пырей ползучий,0.886,цветение,601,2058,128,115
DJI_20260609122641_0177_D.JPG,50,Пырей ползучий,0.759,цветение,2128,2027,55,96
DJI_20260609122641_0177_D.JPG,51,Пырей ползучий,0.906,цветение,1399,2024,134,120
DJI_20260609122641_0177_D.JPG,52,Бодяк полевой,0.85,цветение,1253,2023,58,57
DJI_20260609122641_0177_D.JPG,53,Пырей ползучий,0.7,цветение,1958,1947,65,33
DJI_20260609122641_0177_D.JPG,54,Пырей ползучий,0.711,цветение,3908,1927,52,97
DJI_20260609122641_0177_D.JPG,55,Пырей ползучий,0.69,цветение,1546,1875,129,24
DJI_20260609122641_0177_D.JPG,56,Пырей ползучий,0.872,цветение,1080,1870,138,100
DJI_20260609122641_0177_D.JPG,57,Пырей ползучий,0.881,цветение,1401,1853,147,124
DJI_20260609122641_0177_D.JPG,58,Пырей ползучий,0.899,цветение,1072,1850,285,475
DJI_20260609122641_0177_D.JPG,59,Пырей ползучий,0.843,цветение,1089,1804,140,71
DJI_20260609122641_0177_D.JPG,60,Пырей ползучий,0.901,цветение,2014,1678,163,163
DJI_20260609122641_0177_D.JPG,61,Бодяк полевой,0.831,цветение,3625,1645,60,54
DJI_20260609122641_0177_D.JPG,62,Пырей ползучий,0.855,цветение,1459,1583,113,135
DJI_20260609122641_0177_D.JPG,63,Пырей ползучий,0.707,цветение,457,1567,33,122
DJI_20260609122641_0177_D.JPG,64,Пырей ползучий,0.819,цветение,393,1502,100,72
DJI_20260609122641_0177_D.JPG,65,Пырей ползучий,0.915,цветение,0,1406,1057,1237
DJI_20260609122641_0177_D.JPG,66,Пырей ползучий,0.826,цветение,2667,1386,56,83
DJI_20260609122641_0177_D.JPG,67,Бодяк полевой,0.84,цветение,3570,1363,75,70
DJI_20260609122641_0177_D.JPG,68,Пырей ползучий,0.889,цветение,326,1315,115,171
DJI_20260609122641_0177_D.JPG,69,Пырей ползучий,0.75,цветение,1644,1307,68,48
DJI_20260609122641_0177_D.JPG,70,Пырей ползучий,0.799,цветение,375,1279,98,65
DJI_20260609122641_0177_D.JPG,71,Пырей ползучий,0.87,цветение,1486,1267,131,108
DJI_20260609122641_0177_D.JPG,72,Пырей ползучий,0.866,цветение,826,1257,65,62
DJI_20260609122641_0177_D.JPG,73,Пырей ползучий,0.903,цветение,0,1251,162,221
DJI_20260609122641_0177_D.JPG,74,Пырей ползучий,0.911,цветение,2288,1246,328,473
DJI_20260609122641_0177_D.JPG,75,Пырей ползучий,0.751,цветение,3411,1241,45,73
DJI_20260609122641_0177_D.JPG,76,Бодяк полевой,0.859,цветение,1481,1210,51,55
DJI_20260609122641_0177_D.JPG,77,Пырей ползучий,0.859,цветение,1416,1210,58,97
DJI_20260609122641_0177_D.JPG,78,Пырей ползучий,0.807,цветение,145,1201,117,67
DJI_20260609122641_0177_D.JPG,79,Пырей ползучий,0.76,цветение,1352,1194,82,35
DJI_20260609122641_0177_D.JPG,80,Пырей ползучий,0.886,цветение,301,1184,147,91
DJI_20260609122641_0177_D.JPG,81,Пырей ползучий,0.844,цветение,0,1166,192,88
DJI_20260609122641_0177_D.JPG,82,Пырей ползучий,0.882,цветение,2599,1163,113,118
DJI_20260609122641_0177_D.JPG,83,Пырей ползучий,0.911,цветение,586,1156,892,731
DJI_20260609122641_0177_D.JPG,84,Пырей ползучий,0.861,цветение,235,1075,266,79
DJI_20260609122641_0177_D.JPG,85,Пырей ползучий,0.857,цветение,1859,1068,112,162
DJI_20260609122641_0177_D.JPG,86,Пырей ползучий,0.92,цветение,613,1054,150,168
DJI_20260609122641_0177_D.JPG,87,Пырей ползучий,0.801,цветение,3548,1005,142,64
DJI_20260609122641_0177_D.JPG,88,Пырей ползучий,0.886,цветение,2467,995,110,128
DJI_20260609122641_0177_D.JPG,89,Пырей ползучий,0.897,цветение,0,991,183,111
DJI_20260609122641_0177_D.JPG,90,Бодяк полевой,0.83,цветение,2977,989,48,76
DJI_20260609122641_0177_D.JPG,91,Бодяк полевой,0.863,цветение,3714,936,61,66
DJI_20260609122641_0177_D.JPG,92,Пырей ползучий,0.82,цветение,962,929,74,53
DJI_20260609122641_0177_D.JPG,93,Пырей ползучий,0.874,цветение,2318,905,116,164
DJI_20260609122641_0177_D.JPG,94,Пырей ползучий,0.876,цветение,509,895,119,120
DJI_20260609122641_0177_D.JPG,95,Пырей ползучий,0.708,цветение,3041,878,79,43
DJI_20260609122641_0177_D.JPG,96,Пырей ползучий,0.83,цветение,0,876,97,58
DJI_20260609122641_0177_D.JPG,97,Пырей ползучий,0.689,цветение,2950,850,52,25
DJI_20260609122641_0177_D.JPG,98,Пырей ползучий,0.902,цветение,287,849,95,101
DJI_20260609122641_0177_D.JPG,99,Пырей ползучий,0.875,цветение,1267,834,105,84
DJI_20260609122641_0177_D.JPG,100,Бодяк полевой,0.787,цветение,1708,833,49,44
DJI_20260609122641_0177_D.JPG,101,Пырей ползучий,0.907,цветение,298,788,118,92
DJI_20260609122641_0177_D.JPG,102,Бодяк полевой,0.87,цветение,3096,787,114,92
DJI_20260609122641_0177_D.JPG,103,Пырей ползучий,0.854,цветение,2341,782,78,115
DJI_20260609122641_0177_D.JPG,104,Пырей ползучий,0.73,цветение,2905,765,55,102
DJI_20260609122641_0177_D.JPG,105,Бодяк полевой,0.736,цветение,1037,713,62,39
DJI_20260609122641_0177_D.JPG,106,Пырей ползучий,0.833,цветение,1540,698,63,119
DJI_20260609122641_0177_D.JPG,107,Пырей ползучий,0.902,цветение,1319,674,104,213
DJI_20260609122641_0177_D.JPG,108,Пырей ползучий,0.775,цветение,3754,650,82,97
DJI_20260609122641_0177_D.JPG,109,Бодяк полевой,0.863,цветение,1599,649,77,122
DJI_20260609122641_0177_D.JPG,110,Пырей ползучий,0.895,цветение,1523,568,86,104
DJI_20260609122641_0177_D.JPG,111,Пырей ползучий,0.875,цветение,891,561,85,162
DJI_20260609122641_0177_D.JPG,112,Пырей ползучий,0.782,цветение,3702,515,108,50
DJI_20260609122641_0177_D.JPG,113,Пырей ползучий,0.9,цветение,1162,486,117,147
DJI_20260609122641_0177_D.JPG,114,Пырей ползучий,0.877,цветение,981,480,118,173
DJI_20260609122641_0177_D.JPG,115,Пырей ползучий,0.74,цветение,2022,479,71,159
DJI_20260609122641_0177_D.JPG,116,Пырей ползучий,0.897,цветение,1697,473,171,284
DJI_20260609122641_0177_D.JPG,117,Пырей ползучий,0.909,цветение,0,457,181,233
DJI_20260609122641_0177_D.JPG,118,Пырей ползучий,0.855,цветение,1607,440,68,111
DJI_20260609122641_0177_D.JPG,119,Пырей ползучий,0.758,цветение,1076,417,75,52
DJI_20260609122641_0177_D.JPG,120,Пырей ползучий,0.854,цветение,1410,416,128,91
DJI_20260609122641_0177_D.JPG,121,Пырей ползучий,0.929,цветение,2604,373,210,275
DJI_20260609122641_0177_D.JPG,122,Бодяк полевой,0.871,цветение,2745,336,96,87
DJI_20260609122641_0177_D.JPG,123,Пырей ползучий,0.88,цветение,1265,320,86,160
DJI_20260609122641_0177_D.JPG,124,Пырей ползучий,0.9,цветение,2120,306,412,426
DJI_20260609122641_0177_D.JPG,125,Пырей ползучий,0.892,цветение,0,296,120,175
DJI_20260609122641_0177_D.JPG,126,Пырей ползучий,0.902,цветение,1592,202,159,294
DJI_20260609122641_0177_D.JPG,127,Вьюнок полевой,0.863,цветение,2145,187,114,116
DJI_20260609122641_0177_D.JPG,128,Пырей ползучий,0.742,цветение,3892,182,107,66
DJI_20260609122641_0177_D.JPG,129,Бодяк полевой,0.842,цветение,706,160,65,65
DJI_20260609122641_0177_D.JPG,130,Пырей ползучий,0.929,цветение,1146,146,285,249
DJI_20260609122641_0177_D.JPG,131,Пырей ползучий,0.91,цветение,2252,116,126,211
DJI_20260609122641_0177_D.JPG,132,Пырей ползучий,0.93,цветение,3505,114,344,176
DJI_20260609122641_0177_D.JPG,133,Пырей ползучий,0.691,цветение,3111,110,35,58
DJI_20260609122641_0177_D.JPG,134,Пырей ползучий,0.763,цветение,2214,43,60,118
DJI_20260609122641_0177_D.JPG,135,Пырей ползучий,0.901,цветение,1597,0,2499,3072
DJI_20260609122641_0177_D.JPG,136,Пырей ползучий,0.911,цветение,2499,0,221,387
DJI_20260609122641_0177_D.JPG,137,Пырей ползучий,0.909,цветение,1845,0,288,615
DJI_20260609122641_0177_D.JPG,138,Пырей ползучий,0.931,цветение,1455,0,244,257
DJI_20260609122641_0177_D.JPG,139,Пырей ползучий,0.895,цветение,879,0,148,155
DJI_20260609122641_0177_D.JPG,140,Пырей ползучий,0.916,цветение,109,0,1004,874
DJI_20260609122641_0177_D.JPG,141,Пырей ползучий,0.873,цветение,0,0,80,268
DJI_20260615115515_0164_D.JPG,142,unknown,0.523,всходы,1594,3036,63,36
DJI_20260615115515_0164_D.JPG,143,Пырей ползучий,0.705,цветение,3087,3004,103,68
DJI_20260615115515_0164_D.JPG,144,Пырей ползучий,0.635,цветение,2845,2962,79,56
DJI_20260615115515_0164_D.JPG,145,Бодяк полевой,0.634,всходы,3224,2956,37,60
DJI_20260615115515_0164_D.JPG,146,Пырей ползучий,0.846,цветение,1024,2940,404,132
DJI_20260615115515_0164_D.JPG,147,Пырей ползучий,0.683,розетка,1419,2855,89,45
DJI_20260615115515_0164_D.JPG,148,Пырей ползучий,0.693,цветение,103,2852,141,38
DJI_20260615115515_0164_D.JPG,149,Пырей ползучий,0.605,цветение,3610,2809,68,63
DJI_20260615115515_0164_D.JPG,150,Пырей ползучий,0.832,цветение,1692,2786,137,240
DJI_20260615115515_0164_D.JPG,151,Вьюнок полевой,0.923,цветение,27,2726,473,346
DJI_20260615115515_0164_D.JPG,152,Пырей ползучий,0.855,цветение,1536,2711,137,247
DJI_20260615115515_0164_D.JPG,153,Пырей ползучий,0.657,цветение,2631,2642,21,115
DJI_20260615115515_0164_D.JPG,154,Бодяк полевой,0.67,цветение,2780,2591,61,83
DJI_20260615115515_0164_D.JPG,155,Бодяк полевой,0.831,цветение,650,2574,106,91
DJI_20260615115515_0164_D.JPG,156,Пырей ползучий,0.612,цветение,1004,2561,33,68
DJI_20260615115515_0164_D.JPG,157,Пырей ползучий,0.899,цветение,824,2549,173,125
DJI_20260615115515_0164_D.JPG,158,Вьюнок полевой,0.918,цветение,1785,2542,1389,530
DJI_20260615115515_0164_D.JPG,159,Пырей ползучий,0.802,цветение,3087,2532,120,106
DJI_20260615115515_0164_D.JPG,160,Пырей ползучий,0.662,цветение,2928,2476,77,48
DJI_20260615115515_0164_D.JPG,161,Вьюнок полевой,0.91,цветение,3129,2460,441,588
DJI_20260615115515_0164_D.JPG,162,Вьюнок полевой,0.925,цветение,0,2383,501,371
DJI_20260615115515_0164_D.JPG,163,Пырей ползучий,0.68,цветение,1417,2347,107,17
DJI_20260615115515_0164_D.JPG,164,Пырей ползучий,0.876,цветение,1143,2281,140,147
DJI_20260615115515_0164_D.JPG,165,Бодяк полевой,0.848,цветение,7,2276,197,103
DJI_20260615115515_0164_D.JPG,166,Вьюнок полевой,0.879,цветение,3437,2268,659,804
DJI_20260615115515_0164_D.JPG,167,Пырей ползучий,0.593,розетка,3486,2265,52,135
DJI_20260615115515_0164_D.JPG,168,Пырей ползучий,0.717,цветение,1926,2231,97,26
DJI_20260615115515_0164_D.JPG,169,Вьюнок полевой,0.909,цветение,520,2212,293,192
DJI_20260615115515_0164_D.JPG,170,Пырей ползучий,0.702,цветение,486,2207,100,71
DJI_20260615115515_0164_D.JPG,171,Пырей ползучий,0.679,цветение,1258,2194,117,70
DJI_20260615115515_0164_D.JPG,172,Пырей ползучий,0.782,цветение,355,2190,131,122
DJI_20260615115515_0164_D.JPG,173,Бодяк полевой,0.745,цветение,2039,2169,103,80
DJI_20260615115515_0164_D.JPG,174,Бодяк полевой,0.87,цветение,1552,2165,115,108
DJI_20260615115515_0164_D.JPG,175,Бодяк полевой,0.72,цветение,2838,2154,30,48
DJI_20260615115515_0164_D.JPG,176,Вьюнок полевой,0.928,цветение,440,2151,2094,921
DJI_20260615115515_0164_D.JPG,177,Пырей ползучий,0.714,цветение,3731,2134,145,71
DJI_20260615115515_0164_D.JPG,178,Вьюнок полевой,0.913,цветение,2508,2129,301,294
DJI_20260615115515_0164_D.JPG,179,Пырей ползучий,0.612,цветение,229,2101,67,65
DJI_20260615115515_0164_D.JPG,180,Пырей ползучий,0.771,цветение,3558,2096,109,160
DJI_20260615115515_0164_D.JPG,181,Пырей ползучий,0.898,цветение,3926,2093,170,172
DJI_20260615115515_0164_D.JPG,182,Бодяк полевой,0.775,цветение,2820,2067,65,57
DJI_20260615115515_0164_D.JPG,183,Пырей ползучий,0.746,розетка,2666,2054,115,114
DJI_20260615115515_0164_D.JPG,184,Пырей ползучий,0.623,цветение,2478,2009,82,51
DJI_20260615115515_0164_D.JPG,185,Вьюнок полевой,0.898,цветение,1251,1997,353,188
DJI_20260615115515_0164_D.JPG,186,Бодяк полевой,0.802,цветение,1478,1981,76,80
DJI_20260615115515_0164_D.JPG,187,Пырей ползучий,0.687,цветение,565,1912,38,84
DJI_20260615115515_0164_D.JPG,188,Вьюнок полевой,0.949,цветение,1610,1858,372,326
DJI_20260615115515_0164_D.JPG,189,Вьюнок полевой,0.9,цветение,2876,1842,592,456
DJI_20260615115515_0164_D.JPG,190,Пырей ползучий,0.578,цветение,3465,1828,128,54
DJI_20260615115515_0164_D.JPG,191,Пырей ползучий,0.588,цветение,3545,1804,72,40
DJI_20260615115515_0164_D.JPG,192,Пырей ползучий,0.556,всходы,2429,1733,43,45
DJI_20260615115515_0164_D.JPG,193,Пырей ползучий,0.8,цветение,914,1680,114,133
DJI_20260615115515_0164_D.JPG,194,Вьюнок полевой,0.907,цветение,0,1679,1252,756
DJI_20260615115515_0164_D.JPG,195,Вьюнок полевой,0.907,цветение,3624,1674,472,442
DJI_20260615115515_0164_D.JPG,196,Бодяк полевой,0.618,цветение,3365,1667,53,60
DJI_20260615115515_0164_D.JPG,197,Бодяк полевой,0.851,цветение,2494,1658,104,132
DJI_20260615115515_0164_D.JPG,198,Бодяк полевой,0.763,цветение,1573,1655,63,77
DJI_20260615115515_0164_D.JPG,199,Бодяк полевой,0.893,цветение,621,1626,216,176
DJI_20260615115515_0164_D.JPG,200,Пырей ползучий,0.639,цветение,3655,1589,41,104
DJI_20260615115515_0164_D.JPG,201,Пырей ползучий,0.748,цветение,1487,1565,181,71
DJI_20260615115515_0164_D.JPG,202,Пырей ползучий,0.633,цветение,3333,1528,70,59
DJI_20260615115515_0164_D.JPG,203,Бодяк полевой,0.825,цветение,916,1516,90,112
DJI_20260615115515_0164_D.JPG,204,Пырей ползучий,0.709,цветение,4006,1486,90,158
DJI_20260615115515_0164_D.JPG,205,Пырей ползучий,0.722,цветение,3845,1456,97,85
DJI_20260615115515_0164_D.JPG,206,Пырей ползучий,0.615,цветение,2198,1439,72,27
DJI_20260615115515_0164_D.JPG,207,Вьюнок полевой,0.925,цветение,1775,1434,653,644
DJI_20260615115515_0164_D.JPG,208,Бодяк полевой,0.761,цветение,2432,1304,39,66
DJI_20260615115515_0164_D.JPG,209,Бодяк полевой,0.793,цветение,3594,1288,68,54
DJI_20260615115515_0164_D.JPG,210,Пырей ползучий,0.67,цветение,3196,1262,18,85
DJI_20260615115515_0164_D.JPG,211,Пырей ползучий,0.684,цветение,3000,1248,33,80
DJI_20260615115515_0164_D.JPG,212,Пырей ползучий,0.753,цветение,2297,1247,114,112
DJI_20260615115515_0164_D.JPG,213,Пырей ползучий,0.847,цветение,1003,1239,98,109
DJI_20260615115515_0164_D.JPG,214,Вьюнок полевой,0.882,цветение,2595,1222,957,810
DJI_20260615115515_0164_D.JPG,215,Вьюнок полевой,0.918,цветение,3797,1154,299,204
DJI_20260615115515_0164_D.JPG,216,Пырей ползучий,0.691,цветение,1949,1104,74,31
DJI_20260615115515_0164_D.JPG,217,Пырей ползучий,0.689,цветение,3057,1088,62,32
DJI_20260615115515_0164_D.JPG,218,Пырей ползучий,0.693,цветение,4031,1079,65,42
DJI_20260615115515_0164_D.JPG,219,Пырей ползучий,0.71,цветение,3737,1037,69,81
DJI_20260615115515_0164_D.JPG,220,Пырей ползучий,0.691,цветение,3901,1011,87,77
DJI_20260615115515_0164_D.JPG,221,Бодяк полевой,0.667,цветение,3075,981,47,51
DJI_20260615115515_0164_D.JPG,222,Пырей ползучий,0.762,цветение,2137,923,178,93
DJI_20260615115515_0164_D.JPG,223,Вьюнок полевой,0.888,цветение,1010,835,2063,865
DJI_20260615115515_0164_D.JPG,224,Пырей ползучий,0.676,цветение,2917,797,109,74
DJI_20260615115515_0164_D.JPG,225,Пырей ползучий,0.847,цветение,2023,721,96,75
DJI_20260615115515_0164_D.JPG,226,Пырей ползучий,0.668,всходы,3986,698,26,61
DJI_20260615115515_0164_D.JPG,227,Пырей ползучий,0.768,цветение,1842,582,58,89
DJI_20260615115515_0164_D.JPG,228,Пырей ползучий,0.586,цветение,1784,574,64,50
DJI_20260615115515_0164_D.JPG,229,Пырей ползучий,0.894,цветение,3151,558,209,238
DJI_20260615115515_0164_D.JPG,230,Вьюнок полевой,0.909,цветение,3072,543,1024,729
DJI_20260615115515_0164_D.JPG,231,Бодяк полевой,0.628,всходы,3536,540,64,40
DJI_20260615115515_0164_D.JPG,232,Пырей ползучий,0.674,цветение,46,530,64,35
DJI_20260615115515_0164_D.JPG,233,Пырей ползучий,0.671,всходы,2084,482,44,84
DJI_20260615115515_0164_D.JPG,234,Бодяк полевой,0.69,всходы,975,448,50,54
DJI_20260615115515_0164_D.JPG,235,Пырей ползучий,0.804,вегетативный рост,1537,401,189,102
DJI_20260615115515_0164_D.JPG,236,Пырей ползучий,0.649,цветение,4016,394,64,46
DJI_20260615115515_0164_D.JPG,237,Вьюнок полевой,0.896,цветение,0,302,2027,1366
DJI_20260615115515_0164_D.JPG,238,Пырей ползучий,0.77,цветение,2495,275,64,129
DJI_20260615115515_0164_D.JPG,239,Пырей ползучий,0.629,цветение,2499,192,104,31
DJI_20260615115515_0164_D.JPG,240,Бодяк полевой,0.685,цветение,2362,177,62,35
DJI_20260615115515_0164_D.JPG,241,Пырей ползучий,0.666,цветение,2894,166,28,127
DJI_20260615115515_0164_D.JPG,242,Пырей ползучий,0.662,цветение,3277,136,124,22
DJI_20260615115515_0164_D.JPG,243,Бодяк полевой,0.757,цветение,1593,126,47,68
DJI_20260615115515_0164_D.JPG,244,Вьюнок полевой,0.887,цветение,2015,91,1313,785
DJI_20260615115515_0164_D.JPG,245,Вьюнок полевой,0.904,цветение,1629,71,463,444
DJI_20260615115515_0164_D.JPG,246,Пырей ползучий,0.596,цветение,3294,56,99,70
DJI_20260615115515_0164_D.JPG,247,Пырей ползучий,0.703,цветение,3086,10,120,74
DJI_20260615115515_0164_D.JPG,248,Вьюнок полевой,0.881,цветение,3205,0,891,618
DJI_20260615115515_0164_D.JPG,249,Пырей ползучий,0.673,цветение,2801,0,48,26
DJI_20260615115515_0164_D.JPG,250,Пырей ползучий,0.928,цветение,2377,0,497,257
DJI_20260615115515_0164_D.JPG,251,Вьюнок полевой,0.929,цветение,2113,0,243,353
DJI_20260615115515_0164_D.JPG,252,Пырей ползучий,0.742,цветение,1264,0,339,101
DJI_20260615115515_0164_D.JPG,253,Пырей ползучий,0.56,цветение,1177,0,79,40
DJI_20260615115515_0164_D.JPG,254,Вьюнок полевой,0.906,цветение,812,0,275,277
DJI_20260615115515_0164_D.JPG,255,Бодяк полевой,0.769,цветение,739,0,111,106
DJI_20260615115515_0164_D.JPG,256,Вьюнок полевой,0.885,цветение,0,0,559,451
DJI_20260615134123_0339_D.JPG,257,Пырей ползучий,0.876,цветение,382,2981,238,91
DJI_20260615134123_0339_D.JPG,258,Бодяк полевой,0.76,всходы,2216,2970,32,78
DJI_20260615134123_0339_D.JPG,259,Бодяк полевой,0.875,цветение,2018,2836,134,76
DJI_20260615134123_0339_D.JPG,260,Вьюнок полевой,0.905,вегетативный рост,379,2836,134,180
DJI_20260615134123_0339_D.JPG,261,Пырей ползучий,0.94,цветение,716,2561,363,440
DJI_20260615134123_0339_D.JPG,262,Пырей ползучий,0.84,цветение,661,2560,60,72
DJI_20260615134123_0339_D.JPG,263,Бодяк полевой,0.775,всходы,2632,2467,40,37
DJI_20260615134123_0339_D.JPG,264,Пырей ползучий,0.894,цветение,1313,2418,110,134
DJI_20260615134123_0339_D.JPG,265,Пырей ползучий,0.863,розетка,242,2371,112,58
DJI_20260615134123_0339_D.JPG,266,Бодяк полевой,0.809,цветение,341,2362,54,99
DJI_20260615134123_0339_D.JPG,267,Пырей ползучий,0.688,цветение,2640,2250,77,42
DJI_20260615134123_0339_D.JPG,268,Бодяк полевой,0.784,цветение,2926,2213,70,34
DJI_20260615134123_0339_D.JPG,269,Пырей ползучий,0.922,цветение,1039,2205,168,155
DJI_20260615134123_0339_D.JPG,270,Пырей ползучий,0.888,цветение,1340,2107,208,57
DJI_20260615134123_0339_D.JPG,271,Пырей ползучий,0.7,цветение,1257,2075,78,41
DJI_20260615134123_0339_D.JPG,272,Пырей ползучий,0.769,всходы,1632,1855,73,43
DJI_20260615134123_0339_D.JPG,273,Пырей ползучий,0.807,розетка,0,1782,63,79
DJI_20260615134123_0339_D.JPG,274,Пырей ползучий,0.891,цветение,1817,1601,88,130
DJI_20260615134123_0339_D.JPG,275,Вьюнок полевой,0.879,цветение,2568,1516,105,119
DJI_20260615134123_0339_D.JPG,276,Бодяк полевой,0.865,цветение,1474,1190,101,93
DJI_20260615134123_0339_D.JPG,277,Пырей ползучий,0.849,цветение,1922,1099,47,50
DJI_20260615134123_0339_D.JPG,278,Пырей ползучий,0.851,цветение,2758,1071,187,108
DJI_20260615134123_0339_D.JPG,279,Бодяк полевой,0.826,всходы,1237,887,52,52
DJI_20260615134123_0339_D.JPG,280,Пырей ползучий,0.875,цветение,1501,838,151,176
DJI_20260615134123_0339_D.JPG,281,Пырей ползучий,0.845,цветение,1561,822,37,64
DJI_20260615134123_0339_D.JPG,282,Пырей ползучий,0.896,цветение,1443,492,426,337
DJI_20260615134123_0339_D.JPG,283,Пырей ползучий,0.902,цветение,1708,405,186,129
DJI_20260615134123_0339_D.JPG,284,Пырей ползучий,0.684,цветение,1336,372,95,24
DJI_20260615134123_0339_D.JPG,285,Пырей ползучий,0.704,цветение,1929,317,35,108
DJI_20260615134123_0339_D.JPG,286,Бодяк полевой,0.724,цветение,3046,234,35,68
DJI_20260615134123_0339_D.JPG,287,Пырей ползучий,0.83,цветение,1743,233,93,78
DJI_20260615134123_0339_D.JPG,288,Пырей ползучий,0.913,цветение,1758,71,261,264
DJI_20260615134123_0339_D.JPG,289,Пырей ползучий,0.814,цветение,3143,0,47,102
DJI_20260615134123_0339_D.JPG,290,Пырей ползучий,0.871,цветение,3050,0,90,93
DJI_20260615134123_0339_D.JPG,291,Пырей ползучий,0.904,цветение,1216,0,2880,3072
DJI_20260615134123_0339_D.JPG,292,Пырей ползучий,0.857,цветение,1818,0,240,176
DJI_20260615134123_0339_D.JPG,293,Пырей ползучий,0.896,цветение,1571,0,153,76
DJI_20260615134123_0339_D.JPG,294,Пырей ползучий,0.933,цветение,0,0,1698,3072
DJI_20260615134520_0343_D.JPG,295,Пырей ползучий,0.672,цветение,354,3055,156,17
DJI_20260615134520_0343_D.JPG,296,Пырей ползучий,0.594,цветение,259,3034,64,38
DJI_20260615134520_0343_D.JPG,297,Пырей ползучий,0.588,цветение,1461,3030,35,42
DJI_20260615134520_0343_D.JPG,298,Пырей ползучий,0.653,всходы,1357,3030,29,42
DJI_20260615134520_0343_D.JPG,299,Пырей ползучий,0.675,всходы,2354,2992,48,44
DJI_20260615134520_0343_D.JPG,300,Бодяк полевой,0.671,всходы,1536,2991,42,42
DJI_20260615134520_0343_D.JPG,301,Пырей ползучий,0.812,цветение,0,2987,134,85
DJI_20260615134520_0343_D.JPG,302,Пырей ползучий,0.685,всходы,3219,2981,52,64
DJI_20260615134520_0343_D.JPG,303,unknown,0.547,цветение,2002,2948,42,60
DJI_20260615134520_0343_D.JPG,304,Пырей ползучий,0.868,цветение,69,2934,263,138
DJI_20260615134520_0343_D.JPG,305,Бодяк полевой,0.762,цветение,1384,2931,90,129
DJI_20260615134520_0343_D.JPG,306,Бодяк полевой,0.68,цветение,1494,2930,60,33
DJI_20260615134520_0343_D.JPG,307,Бодяк полевой,0.694,всходы,2203,2927,60,35
DJI_20260615134520_0343_D.JPG,308,Пырей ползучий,0.635,цветение,1339,2914,55,89
DJI_20260615134520_0343_D.JPG,309,Пырей ползучий,0.677,цветение,1569,2870,48,50
DJI_20260615134520_0343_D.JPG,310,Пырей ползучий,0.669,всходы,3290,2861,52,56
DJI_20260615134520_0343_D.JPG,311,Пырей ползучий,0.664,цветение,2992,2858,46,75
DJI_20260615134520_0343_D.JPG,312,Пырей ползучий,0.746,цветение,107,2792,85,96
DJI_20260615134520_0343_D.JPG,313,Бодяк полевой,0.708,розетка,1643,2781,66,62
DJI_20260615134520_0343_D.JPG,314,Пырей ползучий,0.672,цветение,238,2749,63,43
DJI_20260615134520_0343_D.JPG,315,Бодяк полевой,0.727,цветение,3066,2748,34,37
DJI_20260615134520_0343_D.JPG,316,Пырей ползучий,0.747,цветение,3082,2739,168,104
DJI_20260615134520_0343_D.JPG,317,Пырей ползучий,0.706,цветение,1567,2739,41,60
DJI_20260615134520_0343_D.JPG,318,Пырей ползучий,0.64,цветение,6,2719,55,69
DJI_20260615134520_0343_D.JPG,319,Пырей ползучий,0.601,цветение,4046,2700,50,116
DJI_20260615134520_0343_D.JPG,320,unknown,0.523,цветение,246,2700,64,45
DJI_20260615134520_0343_D.JPG,321,Пырей ползучий,0.835,цветение,0,2640,204,100
DJI_20260615134520_0343_D.JPG,322,Вьюнок полевой,0.942,вегетативный рост,747,2629,450,443
DJI_20260615134520_0343_D.JPG,323,Вьюнок полевой,0.92,цветение,1162,2621,264,229
DJI_20260615134520_0343_D.JPG,324,Пырей ползучий,0.719,цветение,1522,2582,52,41
DJI_20260615134520_0343_D.JPG,325,Пырей ползучий,0.604,цветение,3311,2547,61,41
DJI_20260615134520_0343_D.JPG,326,Бодяк полевой,0.737,всходы,1102,2480,42,42
DJI_20260615134520_0343_D.JPG,327,Пырей ползучий,0.627,цветение,3249,2437,98,37
DJI_20260615134520_0343_D.JPG,328,Бодяк полевой,0.868,цветение,951,2404,143,144
DJI_20260615134520_0343_D.JPG,329,Бодяк полевой,0.818,цветение,0,2384,400,221
DJI_20260615134520_0343_D.JPG,330,Бодяк полевой,0.676,цветение,802,2349,118,46
DJI_20260615134520_0343_D.JPG,331,Пырей ползучий,0.702,цветение,3313,2343,90,63
DJI_20260615134520_0343_D.JPG,332,Пырей ползучий,0.659,цветение,4021,2319,42,39
DJI_20260615134520_0343_D.JPG,333,Пырей ползучий,0.768,цветение,473,2276,96,118
DJI_20260615134520_0343_D.JPG,334,Пырей ползучий,0.605,цветение,3253,2263,37,120
DJI_20260615134520_0343_D.JPG,335,Пырей ползучий,0.674,цветение,114,2253,58,53
DJI_20260615134520_0343_D.JPG,336,Вьюнок полевой,0.881,цветение,2741,2230,479,422
DJI_20260615134520_0343_D.JPG,337,Пырей ползучий,0.646,розетка,0,2226,60,94
DJI_20260615134520_0343_D.JPG,338,Пырей ползучий,0.678,цветение,2832,2177,78,55
DJI_20260615134520_0343_D.JPG,339,Пырей ползучий,0.635,цветение,432,2113,70,107
DJI_20260615134520_0343_D.JPG,340,Пырей ползучий,0.799,цветение,93,2088,121,96
DJI_20260615134520_0343_D.JPG,341,Пырей ползучий,0.648,всходы,231,1971,51,46
DJI_20260615134520_0343_D.JPG,342,Бодяк полевой,0.902,цветение,0,1969,160,149
DJI_20260615134520_0343_D.JPG,343,Пырей ползучий,0.612,цветение,74,1913,40,45
DJI_20260615134520_0343_D.JPG,344,Пырей ползучий,0.597,цветение,141,1844,62,41
DJI_20260615134520_0343_D.JPG,345,Пырей ползучий,0.789,розетка,0,1738,144,104
DJI_20260615134520_0343_D.JPG,346,Пырей ползучий,0.597,всходы,286,1679,52,41
DJI_20260615134520_0343_D.JPG,347,Пырей ползучий,0.734,цветение,3802,1614,71,90
DJI_20260615134520_0343_D.JPG,348,Пырей ползучий,0.672,цветение,411,1598,32,42
DJI_20260615134520_0343_D.JPG,349,Пырей ползучий,0.753,розетка,2928,1596,59,70
DJI_20260615134520_0343_D.JPG,350,Вьюнок полевой,0.916,цветение,700,1536,418,234
DJI_20260615134520_0343_D.JPG,351,Бодяк полевой,0.828,розетка,293,1509,114,99
DJI_20260615134520_0343_D.JPG,352,Пырей ползучий,0.647,всходы,2706,1469,78,31
DJI_20260615134520_0343_D.JPG,353,Пырей ползучий,0.786,цветение,171,1462,82,165
DJI_20260615134520_0343_D.JPG,354,Пырей ползучий,0.772,цветение,2228,1352,137,62
DJI_20260615134520_0343_D.JPG,355,Пырей ползучий,0.656,всходы,3601,1351,38,37
DJI_20260615134520_0343_D.JPG,356,Пырей ползучий,0.717,цветение,2525,1342,57,47
DJI_20260615134520_0343_D.JPG,357,Пырей ползучий,0.684,цветение,2480,1285,134,56
DJI_20260615134520_0343_D.JPG,358,Бодяк полевой,0.752,цветение,2495,1211,62,49
DJI_20260615134520_0343_D.JPG,359,Бодяк полевой,0.83,цветение,2331,1178,109,130
DJI_20260615134520_0343_D.JPG,360,unknown,0.54,всходы,4050,1158,46,59
DJI_20260615134520_0343_D.JPG,361,Пырей ползучий,0.715,цветение,2881,1130,49,63
DJI_20260615134520_0343_D.JPG,362,Пырей ползучий,0.658,цветение,2209,1125,71,70
DJI_20260615134520_0343_D.JPG,363,Пырей ползучий,0.66,всходы,4062,1092,34,49
DJI_20260615134520_0343_D.JPG,364,Пырей ползучий,0.654,всходы,3952,1092,67,48
DJI_20260615134520_0343_D.JPG,365,Бодяк полевой,0.681,всходы,958,1035,50,38
DJI_20260615134520_0343_D.JPG,366,Бодяк полевой,0.837,цветение,2242,991,100,95
DJI_20260615134520_0343_D.JPG,367,Вьюнок полевой,0.936,цветение,919,980,3177,2092
DJI_20260615134520_0343_D.JPG,368,Бодяк полевой,0.781,розетка,3454,948,83,97
DJI_20260615134520_0343_D.JPG,369,Пырей ползучий,0.651,цветение,2971,945,19,109
DJI_20260615134520_0343_D.JPG,370,Пырей ползучий,0.641,цветение,1837,922,20,59
DJI_20260615134520_0343_D.JPG,371,Пырей ползучий,0.649,всходы,3379,920,35,46
DJI_20260615134520_0343_D.JPG,372,Бодяк полевой,0.737,всходы,3586,900,56,67
DJI_20260615134520_0343_D.JPG,373,Пырей ползучий,0.664,всходы,2946,875,58,50
DJI_20260615134520_0343_D.JPG,374,Пырей ползучий,0.793,цветение,2560,870,74,119
DJI_20260615134520_0343_D.JPG,375,Пырей ползучий,0.889,цветение,2045,842,157,268
DJI_20260615134520_0343_D.JPG,376,Пырей ползучий,0.643,цветение,3106,824,23,107
DJI_20260615134520_0343_D.JPG,377,Пырей ползучий,0.656,цветение,1842,818,22,86
DJI_20260615134520_0343_D.JPG,378,Пырей ползучий,0.889,цветение,2865,814,646,998
DJI_20260615134520_0343_D.JPG,379,Пырей ползучий,0.81,розетка,2617,805,82,61
DJI_20260615134520_0343_D.JPG,380,Пырей ползучий,0.737,цветение,2998,752,52,123
DJI_20260615134520_0343_D.JPG,381,Пырей ползучий,0.611,цветение,3297,746,83,63
DJI_20260615134520_0343_D.JPG,382,Пырей ползучий,0.898,цветение,2434,696,244,136
DJI_20260615134520_0343_D.JPG,383,Пырей ползучий,0.628,цветение,2437,695,62,40
DJI_20260615134520_0343_D.JPG,384,Пырей ползучий,0.74,цветение,3059,694,71,106
DJI_20260615134520_0343_D.JPG,385,Пырей ползучий,0.697,цветение,3144,678,67,21
DJI_20260615134520_0343_D.JPG,386,Пырей ползучий,0.797,цветение,2903,665,93,74
DJI_20260615134520_0343_D.JPG,387,Пырей ползучий,0.69,цветение,1912,660,21,90
DJI_20260615134520_0343_D.JPG,388,Бодяк полевой,0.908,цветение,2069,609,263,256
DJI_20260615134520_0343_D.JPG,389,Пырей ползучий,0.643,цветение,247,568,147,23
DJI_20260615134520_0343_D.JPG,390,Пырей ползучий,0.666,цветение,911,544,19,83
DJI_20260615134520_0343_D.JPG,391,Пырей ползучий,0.636,цветение,2958,540,23,125
DJI_20260615134520_0343_D.JPG,392,Пырей ползучий,0.633,цветение,1864,502,86,76
DJI_20260615134520_0343_D.JPG,393,Пырей ползучий,0.808,цветение,2850,495,83,157
DJI_20260615134520_0343_D.JPG,394,Пырей ползучий,0.71,цветение,1626,455,92,73
DJI_20260615134520_0343_D.JPG,395,Пырей ползучий,0.592,цветение,1714,428,50,82
DJI_20260615134520_0343_D.JPG,396,Пырей ползучий,0.846,цветение,3374,425,189,87
DJI_20260615134520_0343_D.JPG,397,Пырей ползучий,0.654,цветение,1875,403,25,66
DJI_20260615134520_0343_D.JPG,398,Вьюнок полевой,0.932,вегетативный рост,0,361,1650,1358
DJI_20260615134520_0343_D.JPG,399,Бодяк полевой,0.732,всходы,3148,346,61,43
DJI_20260615134520_0343_D.JPG,400,Пырей ползучий,0.641,цветение,271,343,89,52
DJI_20260615134520_0343_D.JPG,401,Пырей ползучий,0.722,розетка,2955,332,76,114
DJI_20260615134520_0343_D.JPG,402,Пырей ползучий,0.655,цветение,0,329,59,162
DJI_20260615134520_0343_D.JPG,403,Бодяк полевой,0.739,цветение,818,282,48,121
DJI_20260615134520_0343_D.JPG,404,Пырей ползучий,0.759,цветение,3151,278,119,89
DJI_20260615134520_0343_D.JPG,405,Бодяк полевой,0.708,всходы,615,273,39,37
DJI_20260615134520_0343_D.JPG,406,Пырей ползучий,0.673,цветение,1872,265,28,77
DJI_20260615134520_0343_D.JPG,407,Пырей ползучий,0.618,цветение,0,258,52,36
DJI_20260615134520_0343_D.JPG,408,Пырей ползучий,0.868,цветение,1504,250,92,142
DJI_20260615134520_0343_D.JPG,409,Пырей ползучий,0.798,розетка,3504,235,119,109
DJI_20260615134520_0343_D.JPG,410,Бодяк полевой,0.59,цветение,3469,188,81,84
DJI_20260615134520_0343_D.JPG,411,Бодяк полевой,0.773,цветение,1568,156,131,60
DJI_20260615134520_0343_D.JPG,412,Бодяк полевой,0.724,цветение,2128,122,64,59
DJI_20260615134520_0343_D.JPG,413,Пырей ползучий,0.616,цветение,2064,105,40,91
DJI_20260615134520_0343_D.JPG,414,Бодяк полевой,0.881,цветение,913,98,427,224
DJI_20260615134520_0343_D.JPG,415,Пырей ползучий,0.657,цветение,3490,73,40,109
DJI_20260615134520_0343_D.JPG,416,Пырей ползучий,0.614,цветение,2443,72,51,67
DJI_20260615134520_0343_D.JPG,417,Пырей ползучий,0.835,цветение,963,68,100,100
DJI_20260615134520_0343_D.JPG,418,Пырей ползучий,0.644,цветение,1119,59,51,62
DJI_20260615134520_0343_D.JPG,419,Бодяк полевой,0.715,цветение,1366,56,42,39
DJI_20260615134520_0343_D.JPG,420,Бодяк полевой,0.883,цветение,658,46,117,204
DJI_20260615134520_0343_D.JPG,421,Пырей ползучий,0.747,розетка,3697,43,85,84
DJI_20260615134520_0343_D.JPG,422,Пырей ползучий,0.909,цветение,2511,38,174,268
DJI_20260615134520_0343_D.JPG,423,Бодяк полевой,0.713,цветение,756,32,45,45
DJI_20260615134520_0343_D.JPG,424,Вьюнок полевой,0.924,цветение,3444,0,652,2299
DJI_20260615134520_0343_D.JPG,425,Пырей ползучий,0.733,розетка,3251,0,70,79
DJI_20260615134520_0343_D.JPG,426,Вьюнок полевой,0.897,цветение,2678,0,566,565
DJI_20260615134520_0343_D.JPG,427,Пырей ползучий,0.626,розетка,2310,0,62,138
DJI_20260615134520_0343_D.JPG,428,Пырей ползучий,0.79,цветение,1802,0,78,88
DJI_20260615134520_0343_D.JPG,429,Пырей ползучий,0.682,цветение,603,0,57,54
DJI_20260615134520_0343_D.JPG,430,Пырей ползучий,0.891,цветение,0,0,783,528
DJI_20260615134710_0347_D.JPG,431,Пырей ползучий,0.828,розетка,2174,2987,107,85
DJI_20260615134710_0347_D.JPG,432,Пырей ползучий,0.863,розетка,4021,1091,69,78
DJI_20260615134710_0347_D.JPG,433,Пырей ползучий,0.73,всходы,192,75,81,25
DJI_20260615134710_0347_D.JPG,434,Пырей ползучий,0.85,вегетативный рост,0,0,4096,3072
